"","year","accomplishment","person","gender","category","decade"
"1",1670,"First African-American to own land in Boston","Zipporah Potter Atkins[citation needed]","African-American Firsts","Social & Jobs",1670
"2",1738,"First free African-American community","Gracia Real de Santa Teresa de Mose (later named Fort Mose) in Spanish Florida[citation needed]","African-American Firsts","Social & Jobs",1730
"3",1746,"First known African-American (and slave) to compose a work of literature","Lucy Terry with her poem Bars Fight, composed in 1746[4] and first published in 1855 in Josiah Holland's History of Western Massachusetts[5][4]","African-American Firsts","Social & Jobs",1740
"4",1760,"First known African-American published author","Jupiter Hammon (poem An Evening Thought","Female African American Firsts","Arts & Entertainment",1760
"5",1767,"First African-American clockmaker, Peter Hill, was born.[7]",NA,"African-American Firsts",NA,1760
"6",1768,"First known African-American to be elected to public office","Wentworth Cheswell, town constable in Newmarket, New Hampshire.[8]","African-American Firsts","Social & Jobs",1760
"7",1773,"First known African-American woman to publish a book","Phillis Wheatley (Poems on Various Subjects, Religious and Moral)[9]","Female African American Firsts","Arts & Entertainment",1770
"8",1773,"First separate African-American church","Silver Bluff Baptist Church, Aiken County, South Carolina[10][11][Note 1]","African-American Firsts","Religion",1770
"9",1775,"First African-American to join the Freemasons","Prince Hall[citation needed]","African-American Firsts","Social & Jobs",1770
"10",1778,"First African-American U.S. military regiment","the 1st Rhode Island Regiment[12]","African-American Firsts","Military",1770
"11",1783,"First African-American to formally practice medicine","James Derham, who did not hold an M.D. degree.[13] (See also","African-American Firsts","Education & Science",1780
"12",1785,"First African-American ordained as a Christian minister in the United States","Rev. Lemuel Haynes. He was ordained in the Congregational Church, which became the United Church of Christ[14]","African-American Firsts","Religion",1780
"13",1792,"First major African-American Back-to-Africa movement","3,000 Black Loyalist slaves,  who had escaped to British lines during the American Revolutionary War for the promise of freedom, were relocated to Nova Scotia and given land. Later, 1,200 chose to migrate to West Africa and settle in the new British colony of Settler Town, which is present-day Sierra Leone.[citation needed]","African-American Firsts","Social & Jobs",1790
"14",1793,"First African Methodist Episcopal (AME) Church founded","Mother Bethel A.M.E. Church, Philadelphia, Pennsylvania was founded by Richard Allen[citation needed]","African-American Firsts","Religion",1790
"15",1794,"First African Episcopal Church established","Absalom Jones founded African Episcopal Church of St. Thomas, Philadelphia, Pennsylvania[citation needed]","Female African American Firsts","Religion",1790
"16",1804,"First African-American ordained as an Episcopal priest","Absalom Jones in Philadelphia, Pennsylvania[15]","African-American Firsts","Religion",1800
"17",1807,"First African-American Presbyterian Church in America","First African Presbyterian Church founded in Philadelphia, Pennsylvania by John Gloucester a former slave.[16]","African-American Firsts","Religion",1800
"18",1816,"First fully independent African-American denomination","African Methodist Episcopal Church (AME), based in Philadelphia, Pennsylvania and mid-Atlantic states[citation needed]","African-American Firsts","Religion",1810
"19",1821,"First African-American to hold a patent","Thomas L. Jennings, for a dry-cleaning process[17]","African-American Firsts","Education & Science",1820
"20",1822,"First African-American captain to sail a whaleship with an all-black crew","Absalom Boston[18]","African-American Firsts","Military",1820
"21",1823,"First African-American to receive a degree from an American college","Alexander Twilight, Middlebury College[19] (See also","African-American Firsts","Education & Science",1820
"22",1827,"First African-American owned-and-operated newspaper","Freedom's Journal, founded in New York City by Rev. Peter Williams Jr. and other free blacks.[citation needed]","African-American Firsts","Arts & Entertainment",1820
"23",1832,"First governor of African descent in what is now the US","Pío Pico, an Afro-Mexican, was the last governor of Alta California before it was ceded to the US. Like all Californios, Pico automatically became a US citizen in 1848.[citation needed]","African-American Firsts","Politics",1830
"24",1836,"First African-American elected to serve in a state legislature","Alexander Twilight, Vermont[19] (See also","African-American Firsts","Military",1830
"25",1836,"First African-American to found a town and establish a planned community","Free Frank McWorter (New Philadelphia, Illinois)[20][21]","African-American Firsts","Social & Jobs",1830
"26",1837,"First formally trained African-American medical doctor","Dr James McCune Smith of New York City, who was educated at the University of Glasgow, Scotland, and returned to practice in New York.[22] (See also","African-American Firsts","Education & Science",1830
"27",1845,"First African-American licensed to practice law","Macon Allen from the Boston bar[23]","African-American Firsts","Law",1840
"28",1847,"First African-American to graduate from a U.S. medical school","Dr. David J. Peck[24] (Rush Medical College) (See also","African-American Firsts","Education & Science",1840
"29",1847,"First African-American president of any nation","Joseph Jenkins Roberts, Liberia[25]","African-American Firsts","Politics",1840
"30",1849,"First African-American college professor at a predominantly white institution","Charles L. Reason, New York Central College[26]","African-American Firsts","Education & Science",1840
"31",1851,"First African-American member of the Society of Jesus (Jesuits)","Patrick Francis Healy[27] (See also","African-American Firsts","Religion",1850
"32",1853,"First novel published by an African-American","Clotel; or, The President's Daughter, by William Wells Brown, then living in London.[Note 2][28][29]","Female African American Firsts","Arts & Entertainment",1850
"33",1854,"First African-American Catholic priest","James Augustine Healy[30] (see 1875 and 1886)","African-American Firsts","Religion",1850
"34",1854,"First institute of higher learning created to educate African-Americans","Ashmun Institute in Pennsylvania, renamed Lincoln University in 1866. (See also firsts in 1863)","Female African American Firsts","Education & Science",1850
"35",1858,"First published play by an African-American","The Escape; or, A Leap for Freedom by William Wells Brown[31]","Female African American Firsts","Arts & Entertainment",1850
"36",1858,"First African-American woman college instructor","Sarah Jane Woodson Early, Wilberforce College[32]","Female African American Firsts","Education & Science",1850
"37",1858,"First African-American woman to graduate from a medical course of study at an American university","Sarah Mapps Douglass","Female African American Firsts","Education & Science",1850
"38",1858,"First African-American Missionary Bishop of Liberia","Francis Burns of Windham, N.Y. of the Methodist Episcopal Church.[33]","African-American Firsts","Religion",1850
"39",1861,"First North American military unit with African-American officers","1st Louisiana Native Guard of the Confederate Army","African-American Firsts","Military",1860
"40",1861,"First African-American US federal government civil servant","William Cooper Nell[34]","African-American Firsts","Politics",1860
"41",1862,"First African-American woman to earn a B.A.","Mary Jane Patterson, Oberlin College[35]","Female African American Firsts","Education & Science",1860
"42",1862,"First recognized U.S. Army African-American combat unit","1st South Carolina Volunteers","African-American Firsts","Military",1860
"43",1863,"First college owned and operated by African-Americans","Wilberforce University in Ohio[36][Note 3] (See also","African-American Firsts","Arts & Entertainment",1860
"44",1863,"First African-American president of a college","Bishop Daniel Payne (Wilberforce University)[37]","African-American Firsts","Education & Science",1860
"45",1864,"First African-American woman in the United States to earn an M.D.","Dr. Rebecca Davis Lee Crumpler[38]","Female African American Firsts","Education & Science",1860
"46",1865,"First African-American field officer in the U.S. Army","Martin Delany[39]","African-American Firsts","Military",1860
"47",1865,"First African-American attorney admitted to the bar of the U.S. Supreme Court","John Stewart Rock[40]","African-American Firsts","Law",1860
"48",1865,"First African-American to be commissioned as captain in the Regular U.S. Army","Orindatus Simon Bolivar Wall, known as OSB Wall[41]","African-American Firsts","Military",1860
"49",1866,"First African-American to earn a Ph.D.","Father Patrick Francis Healy from University of Leuven, Belgium[27] (See also 1851, 1874)","African-American Firsts","Education & Science",1860
"50",1866,"First African-American woman enlistee in the U.S. Army","Cathay Williams[42]","Female African American Firsts","Military",1860
"51",1866,"First African-American woman to serve as a professor","Sarah Jane Woodson Early; Xenia, Ohio's Wilberforce University hired her to teach Latin and English","Female African American Firsts","Military",1860
"52",1868,"First elected African-American Lieutenant Governor","Oscar Dunn (Louisiana).[43]","African-American Firsts","Politics",1860
"53",1868,"First African-American mayor","Pierre Caliste Landry, Donaldsonville, Louisiana[44]","African-American Firsts","Politics",1860
"54",1868,"First African-American elected to the U.S. House of Representatives","John Willis Menard.[45] His opponent contested his election, and opposition to his election prevented him from being seated in Congress. (See also","African-American Firsts","Politics",1860
"55",1869,"First African-American U.S. diplomat","Ebenezer Don Carlos Bassett, minister to Haiti[46]","African-American Firsts","Politics",1860
"56",1869,"First African-American woman school principal","Fanny Jackson Coppin (Institute for Colored Youth)[47]","Female African American Firsts","Education & Science",1860
"57",1869,"First African-American to receive a dental degree and become a dentist","Robert Tanner Freeman[48]","African-American Firsts","Education & Science",1860
"58",1870,"First African-American to vote in an election under the 15th Amendment to the United States Constitution, granting voting rights regardless of race","Thomas Mundy Peterson[49]","African-American Firsts","Social & Jobs",1870
"59",1870,"First African-American to graduate from Harvard College","Richard Theodore Greener.[50]","African-American Firsts","Education & Science",1870
"60",1870,"First African-American elected to the U.S. Senate, and first to serve in the U.S. Congress","Hiram Rhodes Revels (R–MS).[51][Note 4]","African-American Firsts","Military",1870
"61",1870,"First African-American to serve in the U.S. House of Representatives","Joseph Rainey (R-SC).[52][Note 5]","African-American Firsts","Military",1870
"62",1870,"First African-American acting governor","Oscar James Dunn of Louisiana from May until August 9, 1871, when sitting Governor Warmoth was incapacitated and chose to recuperate in Mississippi.  (See also","African-American Firsts","Politics",1870
"63",1872,"First African-American midshipman admitted to the United States Naval Academy","John H. Conyers (nominated by Robert B. Elliott of South Carolina).[53]","African-American Firsts","Military",1870
"64",1872,"First African-American governor (non-elected)","P. B. S. Pinchback of Louisiana (See also","African-American Firsts","Politics",1870
"65",1872,"First African-American nominee for Vice President of the United States","Frederick Douglass by the Equal Rights Party.[55][Note 6]","African-American Firsts","Politics",1870
"66",1873,"First African-American speaker of the Mississippi House of Representatives, and of any state legislature","John R. Lynch","African-American Firsts","Politics",1870
"67",1874,"First African-American president of a major college/university","Father Patrick Francis Healy, S.J. of Georgetown College.[27] (See also","African-American Firsts","Education & Science",1870
"68",1874,"First African-American to preside over the House of Representatives as Speaker pro tempore","Joseph Rainey[56]","African-American Firsts","Politics",1870
"69",1875,"First African-American Roman Catholic bishop","Bishop James Augustine Healy, of Portland, Maine.[30] (See also","African-American Firsts","Religion",1870
"70",1876,"First African-American to earn a doctorate degree from an American university","Edward Alexander Bouchet (Yale College Ph.D., physics; also first African-American to graduate from Yale, 1874).[57] (See also","African-American Firsts","Education & Science",1870
"71",1877,"First African-American graduate of West Point and first African-American commissioned officer in the U.S. military","Henry Ossian Flipper.[58]","African-American Firsts","Military",1870
"72",1877,"First African-American elected to Phi Beta Kappa, George Washington Henderson.[59]",NA,"African-American Firsts","Politics",1870
"73",1878,"First African-American police officer in Boston, Massachusetts","Sergeant Horatio J. Homer.[60]","African-American Firsts","Military",1870
"74",1878,"First African-American baseball player in organized professional baseball","John W. Bud Fowler.[61]","African-American Firsts","Education & Science",1870
"75",1879,"First African-American to graduate from a formal nursing school","Mary Eliza Mahoney, Boston, Massachusetts.[62]","African-American Firsts","Arts & Entertainment",1870
"76",1879,"First African-American to play major league baseball","Possibly William Edward White; he played as a substitute in one professional baseball game for the Providence Grays of the National League, on June 21, 1879.[63] Work by the Society for American Baseball Research (SABR) suggests that he may have been the first African-American to play major league baseball, predating the longer careers of Moses Fleetwood Walker and his brother Weldy Walker by five years; and Jackie Robinson by 68 years.[64][65][66][67][68]","African-American Firsts","Education & Science",1870
"77",1880,"First African-American to command a U.S. ship","Captain Michael Healy.[69]","African-American Firsts","Military",1880
"78",1880,"First African-American world champion in pedestrianism, a 19th-century forerunner to racewalking and ultramarathons","Frank Hart.[70]","African-American Firsts","Sports",1880
"79",1881,"First African-American whose signature appeared on U.S. paper currency","Blanche K. Bruce, Register of the Treasury.[71]","African-American Firsts","Social & Jobs",1880
"80",1882,"First fully state-supported four-year institution of higher learning for African-Americans","Virginia State University","Female African American Firsts","Education & Science",1880
"81",1883,"First known African-American woman to graduate from one of the Seven Sisters colleges","Hortense Parker (Mount Holyoke College)[72][Note 7]","Female African American Firsts","Social & Jobs",1880
"82",1883,"First African-American woman to earn a PhD. Nettie Craig-Asberry June 12, 1883 earns her doctoral degree in music from the University of Kansas one month shy of her 18th birthday.",NA,"Female African American Firsts","Arts & Entertainment",1880
"83",1884,"First African-American to play professional baseball at the major-league level","Possibly Moses Fleetwood Walker, but see also William Edward White in 1879.[73] (See also","African-American Firsts","Education & Science",1880
"84",1884,"First African-American woman to hold a patent","Judy W. Reed, for an improved dough kneader, Washington, D.C.[74][Note 8]","Female African American Firsts","Education & Science",1880
"85",1884,"First African-American to enlist in the U.S. Signal Corps","William Hallett Greene[75][76]","African-American Firsts","Military",1880
"86",1884,"First African-American to lead a political party's National Convention","John R. Lynch, Republican National Convention.[77]","African-American Firsts","Politics",1880
"87",1884,"First African-American to deliver a keynote address at a political party's National Convention","John R. Lynch, Republican National Convention.[77]","African-American Firsts","Politics",1880
"88",1886,"First Roman Catholic priest publicly known at the time to be African-American","Augustine Tolton, Quincy and Chicago, Illinois[78] (See also","African-American Firsts","Social & Jobs",1880
"89",1890,"First African-American woman to earn a dental degree in the United States","Ida Rollins, University of Michigan.[79][80]","Female African American Firsts","Education & Science",1890
"90",1890,"First African-American to record a best-selling phonograph record","George Washington Johnson, The Laughing Song and The Whistling Coon.[81]","African-American Firsts","Arts & Entertainment",1890
"91",1890,"First woman and African-American to earn a military pension for their own military service","Ann Bradford Stokes.[82]","Female African American Firsts","Military",1890
"92",1891,"First African-American police officer in present-day New York City","Wiley Overton, hired by the Brooklyn Police Department prior to 1898 incorporation of the five boroughs into the City of New York.[83] (See also","African-American Firsts","Military",1890
"93",1892,"First African-American to sing at Carnegie Hall","Matilda Sissieretta Joyner Jones[84]","African-American Firsts","Arts & Entertainment",1890
"94",1892,"First African-American named to a College Football All-America Team","William H. Lewis, Harvard University[85]","African-American Firsts","Education & Science",1890
"95",1895,"First African-American woman to work for the United States Postal Service","Mary Fields[86]","Female African American Firsts","Politics",1890
"96",1895,"First African-American to earn a doctorate degree (Ph.D.) from Harvard University","W.E.B. Du Bois[87]","African-American Firsts","Education & Science",1890
"97",1898,"First African-American appointed to serve as U.S. Army Paymaster","Richard R. Wright","African-American Firsts","Military",1890
"98",1899,"First African-American to achieve world championship in any sport","Major Taylor, for 1-mile track cycling[88]","African-American Firsts","Sports",1890
"99",1901,"First African-American invited to dine at the White House","Booker T. Washington[89]","African-American Firsts","Social & Jobs",1900
"100",1902,"First African-American professional basketball player","Harry Lew (New England Professional Basketball League)[90] (See also","African-American Firsts","Education & Science",1900
"101",1902,"First African-American professional American football player","Charles Follis","African-American Firsts","Sports",1900
"102",1902,"First African-American boxing champion","Joe Gans, a lightweight (See also","African-American Firsts","Sports",1900
"103",1903,"First Broadway musical written by African-Americans, and the first to star African-Americans","In Dahomey","African-American Firsts","Arts & Entertainment",1900
"104",1903,"First African-American woman to found and become president of a bank","Maggie L. Walker, St. Luke Penny Savings Bank (since 1930 the Consolidated Bank & Trust Company), Richmond, Virginia[91]","Female African American Firsts","Politics",1900
"105",1904,"First Greek-letter fraternal organization founded by African-Americans","Sigma Pi Phi","African-American Firsts","Social & Jobs",1900
"106",1904,"First African-American to participate in the Olympic Games, and first to win a medal","George Poage (two bronze medals)[92]","African-American Firsts","Education & Science",1900
"107",1906,"First intercollegiate Greek-letter organization founded by African-Americans","Alpha Phi Alpha (ΑΦΑ), at Cornell University","African-American Firsts","Social & Jobs",1900
"108",1907,"First African-American Greek Orthodox priest and missionary in America","Very Rev. Fr. Robert Josias Morgan[93]","African-American Firsts","Social & Jobs",1900
"109",1908,"First African-American heavyweight boxing champion","Jack Johnson[94] (See also","African-American Firsts","Sports",1900
"110",1908,"First African-American Olympic gold medal winner","John Taylor (track and field medley relay team).[95] (See also","African-American Firsts","Education & Science",1900
"111",1908,"First intercollegiate Greek-letter sorority established by African-Americans","Alpha Kappa Alpha (ΑΚΑ) at Howard University","Female African American Firsts","Social & Jobs",1900
"112",1910,"First African-American female millionaire","Madam C. J. Walker[96]","Female African American Firsts","Social & Jobs",1910
"113",1910,"First African-American woman to be recorded commercially","Daisy Tapley[97] (Recording source- Library of Congress)","Female African American Firsts","Arts & Entertainment",1910
"114",1911,"First intercollegiate Greek-letter fraternity founded by African-Americans at a historically black college","Omega Psi Phi (ΩΨΦ), at Howard University","African-American Firsts","Social & Jobs",1910
"115",1911,"First African-American police officer in New York City","Samuel J. Battle, following the 1898 incorporation of the five boroughs into the City of New York, and the hiring of three African-American officers in the Brooklyn Police Department. Battle was also the NYPD's first African-American sergeant (1926), lieutenant (1935), and parole commissioner (1941).[83] (See also","African-American Firsts","Military",1910
"116",1911,"First African-American attorney admitted to the American Bar Association","Butler R. Wilson (June 1911), William Henry Lewis (August 1911), and William R. Morris (October 1911)[98][99]","African-American Firsts","Law",1910
"117",1914,"First African-American military pilot","Eugene Jacques Bullard","African-American Firsts","Military",1910
"118",1915,"First African-American alderman of Chicago","Oscar Stanton De Priest[100]","African-American Firsts","Politics",1910
"119",1916,"First African-American to play in a Rose Bowl game","Fritz Pollard, Brown University[101]","African-American Firsts","Sports",1910
"120",1916,"First African-American to become a colonel in the U.S. Army","Charles Young[102][103]","African-American Firsts","Military",1910
"121",1916,"First African-American woman to become a licensed pharmacist","Ella P. Stewart","Female African American Firsts",NA,1910
"122",1917,"First African-American woman to win a major sports title","Lucy Diggs Slowe, American Tennis Association[104]","Female African American Firsts","Sports",1910
"123",1919,"First African-American special agent for the FBI","James Wormley Jones[105][106]","African-American Firsts","Law",1910
"124",1919,"First African-American women appointed as police officers","Cora I. Parchment at the New York Police Department (NYPD)[107] and Georgia Ann Robinson, by the Los Angeles Police Department (LAPD)[108]","African-American Firsts","Military",1910
"125",1919,"First African-American to direct a feature film","Oscar Micheaux (The Homesteader)","African-American Firsts",NA,1910
"126",1920,"First African-American NFL football players","Fritz Pollard (Akron Pros) and Bobby Marshall (Rock Island Independents)[109]","African-American Firsts","Sports",1920
"127",1920,"First African-American bishops of the Methodist Episcopal Church","Robert Elijah Jones and Matthew Wesley Clair.[110]","African-American Firsts","Religion",1920
"128",1921,"First African-American woman to become an aviation pilot, first American to hold an international pilot license","Bessie Coleman[111]","Female African American Firsts","Social & Jobs",1920
"129",1921,"First African-American NFL football coach","Fritz Pollard, co-head coach, Akron Pros, while continuing to play running back[109]","African-American Firsts","Sports",1920
"130",1921,"First African-American woman to earn a Ph.D. in the U.S.","Georgiana Rose Simpson. Simpson received her doctoral degree in German from the University of Chicago in 1921.","Female African American Firsts","Education & Science",1920
"131",1921,"First African-American to find a record label","Harry Pace (Black Swan Records)","African-American Firsts","Arts & Entertainment",1920
"132",1923,"First African-American woman to earn a degree in library science","Virginia Proctor Powell Florence.[112][113] She earned the degree (Bachelor of Library Science) from what is now part of the University of Pittsburgh.[114][115][116]","Female African American Firsts","Education & Science",1920
"133",1924,"First African-American to win individual Olympic gold medal","DeHart Hubbard (long jump, 1924 Summer Olympics).[117] (See also","African-American Firsts","Education & Science",1920
"134",1925,"First African-American Foreign Service Officer","Clifton R. Wharton Sr.[118]","African-American Firsts","Military",1920
"135",1927,"First African-American to become an officer in the New York Fire Department in New York City","Wesley Augustus Williams.[119]","African-American Firsts","Military",1920
"136",1927,"First African-American to star in an international motion picture","Josephine Baker in La Sirène des tropiques.[120]","African-American Firsts","Arts & Entertainment",1920
"137",1928,"First post-Reconstruction African-American elected to U.S. House of Representatives","Oscar Stanton De Priest (Republican; Illinois)[121]","African-American Firsts","Politics",1920
"138",1928,"First African-American woman to serve in a state legislature","Minnie Buckingham Harper, West Virginia[122]","Female African American Firsts","Military",1920
"139",1929,"First African-American sportscaster","Sherman Jocko Maxwell (WNJR, Newark, New Jersey)[123]","African-American Firsts","Sports",1920
"140",1931,"First African-American composer to have their symphony performed by a leading orchestra","William Grant Still, Symphony No. 1, by Rochester Philharmonic Orchestra[124]","African-American Firsts","Arts & Entertainment",1930
"141",1931,"First African-American woman to graduate from Yale Law School","Jane Matilda Bolin","Female African American Firsts","Law",1930
"142",1932,"First African-American on a presidential ticket in the 20th century","James W. Ford (Communist Party USA, as vice-presidential candidate running with William Z. Foster)[125]","African-American Firsts","Politics",1930
"143",1932,"First African-American Ph.D. in anthropology","William Montague Cobb[126][127]","African-American Firsts","Education & Science",1930
"144",1932,"First African-American woman to earn a doctorate in psychology","Inez Prosser","Female African American Firsts","Education & Science",1930
"145",1934,"First African-American elected to the U.S. House of Representatives as a Democrat","Arthur W. Mitchell (Illinois)[128]","African-American Firsts","Politics",1930
"146",1934,"First trade union set up for African-American domestic workers by Dora Lee Jones[relevant?]",NA,"African-American Firsts","Politics",1930
"147",1936,"First African-American to conduct a major U.S. orchestra","William Grant Still (Los Angeles Philharmonic)[129]","African-American Firsts","Arts & Entertainment",1930
"148",1936,"First African-American women selected for the Olympic Games","Tidye Pickett and Louise Stokes.[130] Stokes did not compete; Picket competed in the 80-meter hurdles[131]: 86","African-American Firsts","Politics",1930
"149",1937,"First African-American federal magistrate","William H. Hastie (later the first African-American governor of the United States Virgin Islands)[132]","African-American Firsts","Politics",1930
"150",1938,"First African-American woman federal agency head","Mary McLeod Bethune (National Youth Administration)[133]","Female African American Firsts","Politics",1930
"151",1938,"First African-American woman elected to a state legislature","Crystal Bird Fauset (Pennsylvania General Assembly)","Female African American Firsts","Politics",1930
"152",1939,"First African-American to star in their own television program","Ethel Waters, The Ethel Waters Show, on NBC[134]","African-American Firsts","Arts & Entertainment",1930
"153",1940,"First African-American to win an Oscar","Hattie McDaniel (Best Supporting Actress, Gone with the Wind, 1939)[135]","African-American Firsts","Arts & Entertainment",1940
"154",1940,"First African-American to be portrayed on a U.S. postage stamp","Booker T. Washington[136]","African-American Firsts","Social & Jobs",1940
"155",1940,"First African-American flag officer","BG Benjamin O. Davis Sr., U.S. Army[137][Note 9]","African-American Firsts","Military",1940
"156",1940,"First African-American to earn a doctorate in library science","(Eliza Atkins Gleason, who earned it from the University of Chicago)[138]","African-American Firsts","Education & Science",1940
"157",1941,"First African-American to give a White House Command Performance","Josh White[139]","African-American Firsts","Military",1940
"158",1942,"First African-American to be awarded the Navy Cross","Doris Miller","African-American Firsts","Military",1940
"159",1942,"First African-American member of the U.S. Marine Corps","Alfred Masters[140]","African-American Firsts","Military",1940
"160",1943,"Martin A. Martin, first African-American to become a member of the Trial Bureau of the United States Department of Justice, was sworn in on May 31, 1943.[141]",NA,"African-American Firsts","Politics",1940
"161",1943,"First African-American woman to earn a Ph.D. in mathematics","Euphemia Haynes, from Catholic University of America[142]","Female African American Firsts","Education & Science",1940
"162",1944,"First African-American commissioned officers in the U.S. Navy","The Golden Thirteen[143]","African-American Firsts","Military",1940
"163",1944,"First African-American commissioned as a U.S. Navy officer from the Naval Reserve Officer Training Corps","Samuel Gravely[144][Note 10]","African-American Firsts","Military",1940
"164",1944,"First African-American female Navy officers","Lieutenant Harriet Ida Pickens and Ensign Frances Wills[145]","Female African American Firsts","Military",1940
"165",1944,"First African-American to receive a contract with a major U.S. opera company","Camilla Williams[146]","African-American Firsts","Arts & Entertainment",1940
"166",1944,"First known African-American comic book artist","Matt Baker in Jumbo Comics #69 for Fiction House[147]","African-American Firsts","Arts & Entertainment",1940
"167",1944,"First African-American reporter to attend a U.S. presidential news conference","Harry McAlpin[148]","African-American Firsts","Social & Jobs",1940
"168",1945,"First African-American member of the New York City Opera","Todd Duncan[relevant?]","African-American Firsts","Arts & Entertainment",1940
"169",1945,"First African-American U.S. Marine Corps officer","Frederick C. Branch[149]","African-American Firsts","Military",1940
"170",1945,"First African-American was sworn in as a Navy nurse","Phyllis Mae Dailey[150]","African-American Firsts","Military",1940
"171",1945,"First African-American woman to enter the Coast Guard","Olivia Hooker[151]","Female African American Firsts","Politics",1940
"172",1946,"First African-American to sign a contract with an NFL team in the modern (post-World War II) era","Kenny Washington","African-American Firsts","Education & Science",1940
"173",1947,"First African-American Major League Baseball player of the modern era","Jackie Robinson (Brooklyn Dodgers).[152] (See also","African-American Firsts","Education & Science",1940
"174",1947,"First African-American Major League Baseball player in the American League","Larry Doby (Cleveland Indians).","African-American Firsts","Education & Science",1940
"175",1947,"First African-American consensus college All-American basketball player","Don Barksdale[153]","African-American Firsts","Education & Science",1940
"176",1947,"First comic book produced entirely by African-Americans","All-Negro Comics[154]","African-American Firsts","Arts & Entertainment",1940
"177",1947,"First African-American full-time faculty member at a predominantly white law school","William Robert Ming (University of Chicago Law School)[26]","African-American Firsts","Law",1940
"178",1947,"First African-American female member of the U.S. House and Senate press galleries","Alice Allison Dunnigan (See also","Female African American Firsts","Social & Jobs",1940
"179",1948,"First African-American man to receive an Oscar","James Baskett (Honorary Academy Award for his portrayal of Uncle Remus in Song of the South, 1946)[155] (See also","African-American Firsts","Arts & Entertainment",1940
"180",1948,"First African-American on an Olympic basketball team and first African-American Olympic gold medal basketball winner","Don Barksdale, in the 1948 Summer Olympics","African-American Firsts","Education & Science",1940
"181",1948,"First African-American to design and construct a professional golf course","Bill Powell","African-American Firsts","Sports",1940
"182",1948,"First African-American U.S. Navy aviator","Jesse L. Brown[156]","African-American Firsts","Military",1940
"183",1948,"First African-American composer to have an opera performed by a major U.S. company","William Grant Still (Troubled Island, New York City Opera)[157]","African-American Firsts","Arts & Entertainment",1940
"184",1948,"First African-American woman to win an Olympic gold medal","Alice Coachman[158]","Female African American Firsts","Education & Science",1940
"185",1948,"First African-American since Reconstruction to enroll at a traditionally white university of the South","Silas Hunt (University of Arkansas Law School)[159][Note 11]","African-American Firsts","Education & Science",1940
"186",1948,"First known African-American star of a regularly scheduled network television series","Bob Howard, The Bob Howard Show[134][161][162][Note 12] (See also","African-American Firsts","Arts & Entertainment",1940
"187",1948,"First African-American man to graduate from Oregon State College","William Tebeau[163]","African-American Firsts","Education & Science",1940
"188",1948,"First African-American female reporter to travel with a U.S. president (Harry S. Truman's election campaign)","Alice Allison Dunnigan[148] (See also","Female African American Firsts","Social & Jobs",1940
"189",1949,"First African-American graduate of the U.S. Naval Academy","Wesley Brown[164]","African-American Firsts","Military",1940
"190",1949,"First African-American to chair a committee of the United States Congress","Representative William Dawson.[165]","African-American Firsts","Politics",1940
"191",1949,"First African-American to hold the rank of Ambassador of the United States","Edward R. Dudley, ambassador, and previously minister, to Liberia[166] (See also","African-American Firsts","Education & Science",1940
"192",1949,"First African-American to win an MVP award in Major League Baseball","Jackie Robinson (Brooklyn Dodgers, National League)[167] (See also","African-American Firsts","Education & Science",1940
"193",1949,"First African-American-owned and -operated radio station","WERD, established October 3, 1949 in Atlanta, Georgia by Jesse B. Blayton Sr.[168]","African-American Firsts","Arts & Entertainment",1940
"194",1949,"First African-American woman president of an NAACP chapter nationwide","Florence LeSueur of Boston's NAACP chapter.[169]","Female African American Firsts","Politics",1940
"195",1949,"First African-American women to earn a doctor of veterinary medicine degree","Jane Hinton and Alfreda Johnson Webb","African-American Firsts","Education & Science",1940
"196",1950,"First African-American to win a Tony Award","Juanita Hall (Best Featured Actress in a Musical, South Pacific)[170]","African-American Firsts","Arts & Entertainment",1950
"197",1950,"First African-American to win a Pulitzer Prize","Gwendolyn Brooks (Book of poetry, Annie Allen, 1949)[171]","African-American Firsts","Arts & Entertainment",1950
"198",1950,"First African-American to win the Nobel Peace Prize","Ralph Bunche[172]","African-American Firsts","Education & Science",1950
"199",1950,"First African-American to receive a lifetime appointment as federal judge","William H. Hastie, U.S. Court of Appeals for the Third Circuit[173]","African-American Firsts","Law",1950
"200",1950,"First African-American woman to compete on the world tennis tour","Althea Gibson[174]","Female African American Firsts","Sports",1950
"201",1950,"First African-American solo singer to have a #1 hit on the Billboard charts","Nat King Cole (Mona Lisa), topped Best Sellers in Stores chart on July 15 (See also","African-American Firsts","Arts & Entertainment",1950
"202",1950,"First African-American delegate to the United Nations","Edith S. Sampson[175] (See also","African-American Firsts","Politics",1950
"203",1950,"First African-American NBA basketball players","Nat Sweetwater Clifton (New York Knicks), Chuck Cooper (Boston Celtics), and Earl Lloyd (Washington Capitols).[176] Note","African-American Firsts","Education & Science",1950
"204",1951,"First African-American named to the College Football Hall of Fame","Duke Slater, University of Iowa (1918–1921)[180]","African-American Firsts","Education & Science",1950
"205",1951,"First African-American quarterback to become a regular starter for a professional football team","Bernie Custis (Hamilton Tiger-Cats)[181]","African-American Firsts","Sports",1950
"206",1952,"First African-American driver in NASCAR","Wendell Scott (See also","African-American Firsts","Sports",1950
"207",1952,"First African-American woman elected to a U.S. state senate","Cora Brown, (Michigan)[182]","Female African American Firsts","Politics",1950
"208",1952,"First African-American U.S. Marine Corps aviator","Frank E. Petersen[183]","African-American Firsts","Military",1950
"209",1952,"First African-American woman to be nominated for a national political office","Charlotta Bass, Vice President (Progressive Party) (See also","Female African American Firsts","Politics",1950
"210",1953,"First African-American basketball player to play in the NBA All-Star Game","Don Barksdale in the 1953 NBA All-Star Game[153]","African-American Firsts","Education & Science",1950
"211",1953,"First African-American quarterback to play in the National Football League during the modern (post-World War II) era","Willie Thrower (Chicago Bears)[185]","African-American Firsts","Education & Science",1950
"212",1954,"First African-American U.S. Navy Diver","Carl Brashear[186]","African-American Firsts","Military",1950
"213",1954,"First individual African-American woman as subject on the cover of Life magazine","Dorothy Dandridge, November 1, 1954[187]","Female African American Firsts","Arts & Entertainment",1950
"214",1954,"First African-American page for the U.S. Supreme Court, and first to be enrolled in the Capitol Page School","Charles V. Bush[188]","African-American Firsts","Education & Science",1950
"215",1955,"First African-American member of the Metropolitan Opera","Marian Anderson[189]","African-American Firsts","Arts & Entertainment",1950
"216",1955,"First African-American male dancer in a major ballet company","Arthur Mitchell (New York City Ballet); also first African-American principal dancer of a major ballet company (NYCB), 1956.[190] (See also","African-American Firsts","Arts & Entertainment",1950
"217",1955,"First African-American pilot of a scheduled US airline","August Martin (cargo airline Seaboard & Western Airlines)[191][192] (See also","African-American Firsts","Social & Jobs",1950
"218",1955,"First African-American to serve as a presidential executive assistant","E. Frederic Morrow, appointed by President Eisenhower as Administrative Officer for Special Projects.[193]","African-American Firsts","Military",1950
"219",1956,"First African-American star of a nationwide network TV show","Nat King Cole of The Nat King Cole Show, NBC (See also","African-American Firsts","Arts & Entertainment",1950
"220",1956,"First African-American to break the color barrier in a bowl game in the Deep South","Bobby Grier, (Pittsburgh Panthers in the 1956 Sugar Bowl)[194]","African-American Firsts","Sports",1950
"221",1956,"First African-American Wimbledon tennis champion","Althea Gibson (doubles, with Englishwoman Angela Buxton); also first African-American to win a Grand Slam event (French Open).[195]","African-American Firsts","Sports",1950
"222",1956,"First African-American U.S. Secret Service agent","Charles Gittens[196][197]","African-American Firsts","Law",1950
"223",1956,"First African-American to win the Cy Young Award as the top pitcher in Major League Baseball, in the award's inaugural year","Don Newcombe (Brooklyn Dodgers)[198]","Female African American Firsts","Education & Science",1950
"224",1956,"First African-American woman to become president of a four-year, fully accredited liberal arts college","Willa Beatrice Player (Bennett College)[199]","Female African American Firsts","Education & Science",1950
"225",1957,"First African-American female Wimbledon Tennis Champion","Althea Gibson","Female African American Firsts","Sports",1950
"226",1957,"First African-American assistant coach in the NFL","Lowell W. Perry (See also","African-American Firsts","Sports",1950
"227",1957,"First African-American to win Major League Baseball's Gold Glove, in the award's inaugural year","Willie Mays (New York Giants)[201][Note 14]","African-American Firsts","Education & Science",1950
"228",1958,"First African-American flight attendant","Ruth Carol Taylor (Mohawk Airlines)[202]","African-American Firsts","Social & Jobs",1950
"229",1958,"First African-American to reach number-one on the Billboard Hot 100","Tommy Edwards (It's All in the Game)","African-American Firsts","Arts & Entertainment",1950
"230",1959,"First African-American Grammy Award winners, in the award's inaugural year","Ella Fitzgerald and Count Basie (two awards each)[203]","African-American Firsts","Arts & Entertainment",1950
"231",1959,"First African-American television journalist","Louis Lomax","African-American Firsts","Arts & Entertainment",1950
"232",1959,"First African-American to win a major national player of the year award in college basketball","Oscar Robertson, USBWA Player of the Year[Note 15] (in that award's inaugural year)","African-American Firsts","Education & Science",1950
"233",1959,"First African-American to win the Heisman Trophy","Ernie Davis","African-American Firsts","Sports",1950
"234",1959,"First African-American to serve on a U.S. district court","James Benton Parsons, appointed to the U.S. District Court for the Northern District of Illinois","African-American Firsts","Military",1950
"235",1959,"First African-American delegate to the North Atlantic Treaty Organization","Edith S. Sampson (See also","African-American Firsts","Politics",1950
"236",1959,"First African-American to go over Niagara Falls","Nathan Boya a.k.a. William FitzGerald","African-American Firsts","Social & Jobs",1950
"237",1959,"First African-American to join the PGA Tour","Charlie Sifford[204]","African-American Firsts","Sports",1950
"238",1962,"First African-American to be inducted into the Baseball Hall of Fame","Jackie Robinson (See also","African-American Firsts","Education & Science",1960
"239",1962,"First African-American coach in Major League Baseball","John Jordan Buck O'Neil (Chicago Cubs)","African-American Firsts","Education & Science",1960
"240",1962,"First African-American attorney general of a state","Edward Brooke (Massachusetts) (See also","African-American Firsts","Military",1960
"241",1962,"First African-American student admitted to the University of Mississippi","James Meredith[205]","African-American Firsts","Education & Science",1960
"242",1963,"First African-American bank examiner for the United States Department of the Treasury","Roland Burris","African-American Firsts","Politics",1960
"243",1963,"First African-American to graduate from the University of Mississippi","James Meredith[206]","African-American Firsts","Education & Science",1960
"244",1963,"First African-American named as Time magazine's Man of the Year","Martin Luther King Jr.[207]","African-American Firsts","Arts & Entertainment",1960
"245",1963,"First African-American to win a NASCAR Grand National event","Wendell Scott","African-American Firsts","Sports",1960
"246",1963,"First African-American police officer of the NYPD to be named a precinct commander","Lloyd Sealy, commander of the NYPD's 28th Precinct in Harlem.[83]","African-American Firsts","Military",1960
"247",1963,"First African-American to be named American League MVP","Elston Howard (New York Yankees) (See also","African-American Firsts","Education & Science",1960
"248",1963,"First African-American chess master","Walter Harris[208][209]","African-American Firsts","Social & Jobs",1960
"249",1963,"First African-American to appear as a series regular on a primetime dramatic television series","Cicely Tyson, East Side/West Side (CBS).[210][211]","African-American Firsts","Arts & Entertainment",1960
"250",1963,"First African-American to be nominated for a Primetime Emmy Award","Diahann Carroll, for Outstanding Single Performance by an Actress in a Lead Role, for the episode A Horse Has a Big Head, Let Him Worry of Naked City (See also","African-American Firsts","Arts & Entertainment",1960
"251",1963,"First African-Americans inducted to the Basketball Hall of Fame","New York Renaissance, inducted as a team. (See also","African-American Firsts","Education & Science",1960
"252",1963,"First African-American to graduate from the U.S. Air Force Academy","Charles V. Bush.","African-American Firsts","Military",1960
"253",1964,"First African-American to join the Ladies Professional Golf Association","Althea Gibson","African-American Firsts","Sports",1960
"254",1964,"First African-American pilot for a major commercial airline","David E. Harris, American Airlines[212][Note 16] (See also","African-American Firsts","Social & Jobs",1960
"255",1964,"First movie with African-American interracial marriage","One Potato, Two Potato,[214] actors Bernie Hamilton and Barbara Barrie, written by Orville H. Hampton, Raphael Hayes, directed by Larry Peerce","African-American Firsts","Arts & Entertainment",1960
"256",1964,"First African-American baseball player to be named the Major League Baseball World Series MVP","Bob Gibson, St. Louis Cardinals[215]","African-American Firsts","Education & Science",1960
"257",1965,"First African-American nationally syndicated cartoonist","Morrie Turner (Wee Pals)","African-American Firsts","Arts & Entertainment",1960
"258",1965,"First African-American title character of a comic book series","Lobo (Dell Comics).[216][Note 17] (See also","African-American Firsts","Arts & Entertainment",1960
"259",1965,"First African-American star of a network television drama","Bill Cosby, I Spy (co-star with Robert Culp)","African-American Firsts","Arts & Entertainment",1960
"260",1965,"First African-American cast member of a daytime soap opera","Micki Grant who played Peggy Nolan Harris on Another World until 1972.","African-American Firsts","Arts & Entertainment",1960
"261",1965,"First African-American Playboy Playmate centerfold","Jennifer Jackson (March issue)","African-American Firsts","Social & Jobs",1960
"262",1965,"First African-American U.S. Air Force General","Benjamin Oliver Davis Jr. (Three-star General)","African-American Firsts","Military",1960
"263",1965,"First African-American woman Ambassador of the United States","Patricia Roberts Harris, ambassador to Luxembourg","Female African American Firsts","Education & Science",1960
"264",1965,"First African-American NFL official","Burl Toler, field judge/head linesman","African-American Firsts","Sports",1960
"265",1965,"First African-American to win a national chess championship","Frank Street Jr. (U.S. Amateur Championship)[217]","African-American Firsts","Social & Jobs",1960
"266",1965,"First African-American United States Solicitor General","Thurgood Marshall (See also","African-American Firsts","Military",1960
"267",1966,"First African-American man to be nominated for a Primetime Emmy Award and first African-American to win a Primetime Emmy Award","Bill Cosby, I Spy","African-American Firsts","Arts & Entertainment",1960
"268",1966,"First team with five African-American starters to win the NCAA Basketball Tournament","1965–66 Texas Western Miners basketball team","African-American Firsts","Education & Science",1960
"269",1966,"First African-American coach in the National Basketball Association","Bill Russell (Boston Celtics)","African-American Firsts","Education & Science",1960
"270",1966,"First African-American model on the cover of a Vogue (British Vogue) magazine","Donyale Luna","African-American Firsts","Arts & Entertainment",1960
"271",1966,"First post-Reconstruction African-American elected to the U.S. Senate (and first African-American elected to the U.S. Senate by popular vote)","Edward Brooke (Republican; Massachusetts) (See also","African-American Firsts","Social & Jobs",1960
"272",1966,"First African-American Cabinet secretary","Robert C. Weaver (Department of Housing and Urban Development)","African-American Firsts","Politics",1960
"273",1966,"First African-American Major League Baseball umpire","Emmett Ashford","African-American Firsts","Education & Science",1960
"274",1966,"First African-American NFL broadcaster","Lowell W. Perry[citation needed] (CBS, on Pittsburgh Steelers games) (See also","African-American Firsts","Sports",1960
"275",1966,"First African-American fire commissioner of a major U.S. City","Robert O. Lowery of the New York City Fire Department","African-American Firsts","Politics",1960
"276",1966,"First African-American mayor in Ohio","Robert C. Henry of Springfield, Ohio.","African-American Firsts","Politics",1960
"277",1967,"First African-American to win a PGA Tour event","Charlie Sifford (1967 Greater Hartford Open Invitational)","African-American Firsts","Sports",1960
"278",1967,"First African-American elected mayor of a large US city","Carl B. Stokes (Cleveland, Ohio)","African-American Firsts","Politics",1960
"279",1967,"First African-American appointed to the Supreme Court of the United States","Thurgood Marshall (See also","African-American Firsts","Politics",1960
"280",1967,"First African-American selected for astronaut training","Robert Henry Lawrence Jr.","African-American Firsts","Education & Science",1960
"281",1967,"First African-American to be inducted into the Pro Football Hall of Fame","Emlen Tunnell","African-American Firsts","Sports",1960
"282",1967,"First African-American interracial kiss on network television","entertainers Nancy Sinatra (Italian-American) and Sammy Davis Jr. (African-American) on Sinatra's variety special Movin' With Nancy, airing December 11 on NBC[218] (See also","African-American Firsts","Arts & Entertainment",1960
"283",1968,"First African-American interracial kiss on a network television drama","Uhura, played by Nichelle Nichols (African-American), and Captain Kirk, played by William Shatner (white Canadian)","African-American Firsts","Arts & Entertainment",1960
"284",1968,"First African-American man to win a Grand Slam tennis event","Arthur Ashe (US Open) (See also","African-American Firsts","Sports",1960
"285",1968,"First African-American coach to win an NBA Championship","Bill Russell","African-American Firsts","Sports",1960
"286",1968,"First African-American woman elected to U.S. House of Representatives","Shirley Chisholm (New York)","Female African American Firsts","Politics",1960
"287",1968,"First African-American appointed as a United States Assistant Secretary of State","Barbara M. Watson","African-American Firsts","Politics",1960
"288",1968,"First African-American to start at quarterback in the modern era of professional football","Marlin Briscoe (Denver Broncos, AFL)","African-American Firsts","Education & Science",1960
"289",1968,"First African-American commissioned officer awarded the Medal of Honor","Riley L. Pitts","African-American Firsts","Military",1960
"290",1968,"First fine-arts museum devoted to African-American work","Studio Museum in Harlem","African-American Firsts","Social & Jobs",1960
"291",1968,"First African-American actress to star in her television series where she did not play a domestic worker","Diahann Carroll in Julia (see also","Female African American Firsts","Arts & Entertainment",1960
"292",1968,"First African-American woman as a presidential candidate","Charlene Mitchell (See also","Female African American Firsts","Politics",1960
"293",1968,"First African-American woman reporter for The New York Times","Nancy Hicks Maynard","Female African American Firsts","Social & Jobs",1960
"294",1968,"First African-American starring character of a comic strip","Danny Raven in Dateline","African-American Firsts","Arts & Entertainment",1960
"295",1969,"First African-American superhero","The Falcon, Marvel Comics' Captain America #117 (September 1969).[221][Note 17] (See also","Female African American Firsts","Arts & Entertainment",1960
"296",1969,"First African-American graduate of Harvard Business School","Lillian Lincoln","African-American Firsts","Education & Science",1960
"297",1969,"First African-American director of a major Hollywood motion picture","Gordon Parks (The Learning Tree)","African-American Firsts","Arts & Entertainment",1960
"298",1969,"First African-American founder of a classical training school and the company of ballet","Arthur Mitchell, Dance Theatre of Harlem (See also","African-American Firsts","Education & Science",1960
"299",1969,"First African-American woman to appear on the Grand Ole Opry","Linda Martell","Female African American Firsts","Arts & Entertainment",1960
"300",1969,"First African-American to own a commercial airliner","Warren Wheeler (Wheeler Airlines)[222]","African-American Firsts","Social & Jobs",1960
"301",1970,"First African-American to head an Episcopal diocese","John Melville Burgess, diocesan bishop of Massachusetts[223]","African-American Firsts","Religion",1970
"302",1970,"First African-American U.S. Navy Master Diver","Carl Brashear (See also","African-American Firsts","Military",1970
"303",1970,"First African-American member of the New York Stock Exchange","Joseph L. Searles III[224]","African-American Firsts","Social & Jobs",1970
"304",1970,"First African-American NCAA Division I basketball coach","Will Robinson (Illinois State University)[Note 18]","African-American Firsts","Education & Science",1970
"305",1970,"First African-American contestant in the Miss America pageant","Cheryl Browne (Miss Iowa)","African-American Firsts","Social & Jobs",1970
"306",1970,"First African-American woman (and first woman) to become a physician's assistant","Joyce Nichols","Female African American Firsts","Education & Science",1970
"307",1970,"First African-American actress to win a Emmy Award","Gail Fisher for Mannix (see also","African-American Firsts","Arts & Entertainment",1970
"308",1970,"First African-American basketball player to win the NBA All-Star MVP, the NBA Finals MVP, and the NBA MVP all in the same season","Willis Reed (New York Knicks)","African-American Firsts","Education & Science",1970
"309",1970,"First African-American to initiate the concept of free agency. He refused to accept a trade following the 1969 season, ultimately appealing his case to the U.S. Supreme Court. The trend of free agency expanded across the entire landscape of professional sports for all races and all cultures","Curt Flood (St. Louis Cardinals)[Note 19]","African-American Firsts","Politics",1970
"310",1970,"First African-American to become director of a major library system in America","Clara Stanton Jones, as director of the Detroit Public Library[225]","African-American Firsts","Arts & Entertainment",1970
"311",1970,"First African-American to perform at a Super Bowl halftime show","Lionel Hampton (Super Bowl IV)","African-American Firsts","Arts & Entertainment",1970
"312",1971,"First African-American pitcher to be inducted into the Baseball Hall of Fame","Satchel Paige (See also","Female African American Firsts","Education & Science",1970
"313",1971,"First African-American president of the New York City Board of Education","Isaiah Edward Robinson Jr.","African-American Firsts","Education & Science",1970
"314",1971,"First African-American to win a Golden Globe Award","Gail Fisher for Mannix (see also","African-American Firsts","Arts & Entertainment",1970
"315",1971,"First African-American female jockey in the United States","Cheryl White[226]","Female African American Firsts","Politics",1970
"316",1971,"First African-American to appear by herself on the cover of Playboy","Darine Stern (October issue)","Female African American Firsts","Social & Jobs",1970
"317",1971,"First African-American to become president of the Public Library Association","Effie Lee Morris[227]","African-American Firsts","Education & Science",1970
"318",1972,"First African-American to campaign for the United States presidency in a major political party and to win a U.S. presidential primary/caucus","Shirley Chisholm (Democratic Party, New Jersey primary) (See also","African-American Firsts","Politics",1970
"319",1972,"First African-American superhero to star in own comic-book series","Luke Cage, Marvel Comics' Luke Cage, Hero for Hire #1 (June 1972).[228][Note 17] (See also","Female African American Firsts","Arts & Entertainment",1970
"320",1972,"First African-American National Basketball Association general manager","Wayne Embry","African-American Firsts","Military",1970
"321",1972,"First African-American interracial romantic kiss in a mainstream comics magazine","The Men Who Called Him Monster, by the writer Don McGregor (See also","African-American Firsts","Arts & Entertainment",1970
"322",1972,"First African-American interracial male kiss on network television","Sammy Davis Jr. (African-American) and Carroll O'Connor (Caucasian) in All in the Family[230]","African-American Firsts","Arts & Entertainment",1970
"323",1972,"First African-American inducted to the Basketball Hall of Fame","Team-owner and coach Bob Douglas, in the category of contributor (See also","African-American Firsts","Education & Science",1970
"324",1972,"First African-American female Broadway director","Vinnette Justine Carroll (Don't Bother Me, I Can't Cope)","Female African American Firsts","Arts & Entertainment",1970
"325",1972,"First African-American comic-book creator to receive a created by cover-credit","Wayne Howard (Midnight Tales #1)","African-American Firsts","Arts & Entertainment",1970
"326",1973,"First African-American artistic director of a professional regional theater","Harold Scott (Cincinnati Playhouse in the Park)","African-American Firsts","Arts & Entertainment",1970
"327",1973,"First African-American Bond villain in a James Bond movie","Yaphet Kotto, playing Mr. Big/Dr. Kananga, Live and Let Die.","African-American Firsts","Arts & Entertainment",1970
"328",1973,"First African-American Bond Girl in a James Bond movie","Gloria Hendry (playing Rosie Carver), Live and Let Die.","African-American Firsts","Arts & Entertainment",1970
"329",1973,"First African-American elected mayor of Los Angeles","Tom Bradley","African-American Firsts","Politics",1970
"330",1973,"First African-American psychologist in the U.S. Air Force","John D. Robinson","African-American Firsts","Military",1970
"331",1973,"First African-American woman mayor of a U.S. metropolitan city","Doris A. Davis, Compton, California","Female African American Firsts","Politics",1970
"332",1974,"First African-American model on the cover of U.S. Vogue magazine","Beverly Johnson","African-American Firsts","Arts & Entertainment",1970
"333",1975,"First African-American elected mayor, and first mayor, of Washington, D.C.","Walter Washington","African-American Firsts","Politics",1970
"334",1975,"First African-American game show host","Adam Wade (CBS' Musical Chairs)","African-American Firsts","Sports",1970
"335",1975,"First African-American four-star general","Daniel James Jr.","African-American Firsts","Military",1970
"336",1975,"First African-American inducted to the Basketball Hall of Fame as a player","Bill Russell (See also","African-American Firsts","Education & Science",1970
"337",1975,"First African-American interracial couple in a TV-series cast","The Jeffersons, actors Franklin Cover (Caucasian) and Roxie Roker (African-American) as Tom and Helen Willis, respectively; series creator","African-American Firsts","Arts & Entertainment",1970
"338",1975,"First African-American interracial romantic kiss in a color comic book","Amazing Adventures #31 (July 1975), feature Killraven","African-American Firsts","Arts & Entertainment",1970
"339",1975,"First African-American manager in Major League Baseball","Frank Robinson (Cleveland Indians)","African-American Firsts","Education & Science",1970
"340",1975,"First African-American model on the cover of Elle magazine","Beverly Johnson","African-American Firsts","Arts & Entertainment",1970
"341",1975,"First African-American psychologist in the U.S. Navy","John D. Robinson","African-American Firsts","Military",1970
"342",1975,"First African-American to play in a men's major golf championship","Lee Elder (The Masters)","African-American Firsts","Sports",1970
"343",1975,"First African-American to be named Super Bowl MVP in NFL","Franco Harris (Pittsburgh Steelers). Of mixed heritage, Harris was also the first Italian-American to win the award.","African-American Firsts","Education & Science",1970
"344",1975,"First African-American women named as Time magazine's Person of the Year","Barbara Jordan and Addie L. Wyatt[232]","African-American Firsts","Arts & Entertainment",1970
"345",1976,"First African-American female elected officer of an international labor union","Addie L. Wyatt","Female African American Firsts","Military",1970
"346",1976,"First African-American to become president of the American Library Association","Clara Stanton Jones, who served as its acting president from April 11 to July 22 in 1976 and then its president from July 22, 1976, to 1977[233]","African-American Firsts","Education & Science",1970
"347",1977,"First African-American, and first woman, appointed director of the Peace Corps","Carolyn R. Payton","Female African American Firsts","Arts & Entertainment",1970
"348",1977,"First African-American drafted to play professional basketball, first woman to dunk in a professional women's game","Cardte Hicks[234]","Female African American Firsts","Education & Science",1970
"349",1977,"First African-American woman in the U.S. Cabinet","Patricia Roberts Harris, Secretary of Housing and Urban Development","Female African American Firsts","Politics",1970
"350",1977,"First African-American woman whose signature appeared on U.S. currency","Azie Taylor Morton, the 36th Treasurer of the United States","Female African American Firsts","Social & Jobs",1970
"351",1977,"First African-American publisher of mainstream gay publication","Alan Bell (Gaysweek)[235][236]","Female African American Firsts","Arts & Entertainment",1970
"352",1977,"First African-American woman to join the Daughters of the American Revolution","Karen Batchelor[237]","Female African American Firsts","Social & Jobs",1970
"353",1977,"First African-American Major League Baseball general manager","Bill Lucas (Atlanta Braves)","African-American Firsts","Military",1970
"354",1977,"First African-American woman to be ordained as an Episcopal priest","Pauli Murray.[238]","Female African American Firsts","Religion",1970
"355",1977,"First African-American to work as a registrar for a major scientific museum","Margaret Santiago.[239]","African-American Firsts",NA,1970
"356",1978,"First African-American broadcast network news anchor","Max Robinson","African-American Firsts","Arts & Entertainment",1970
"357",1978,"First African-American woman pilot for a major commercial airline","Jill E. Brown, Texas International Airlines[240]","Female African American Firsts","Social & Jobs",1970
"358",1978,"First African-American woman to advance to the rank of captain in the Navy","Joan C. Bynum[241]","Female African American Firsts","Military",1970
"359",1979,"First African-American U.S. Marine Corps general officer","Frank E. Petersen","African-American Firsts","Military",1970
"360",1979,"First African-American to win a Daytime Emmy Award for lead actor in a soap opera","Al Freeman Jr. (Ed Hall in One Life to Live)","African-American Firsts","Arts & Entertainment",1970
"361",1979,"First African-American woman ordained in the Lutheran Church in America (LCA), the largest of three denominations that later combined to form the Evangelical Lutheran Church in America","Earlean Miller[242]","Female African American Firsts","Religion",1970
"362",1979,"First African-American head coach of an NCAA Division I-A football program","Willie Jeffries (Wichita State).[243]","African-American Firsts","Sports",1970
"363",1980,"First African-American-oriented cable channel","BET[244]","African-American Firsts","Arts & Entertainment",1980
"364",1980,"First African-American woman to graduate from (and to attend) the U.S. Naval Academy","Janie L. Mines, graduated in 1980[245][246][247]","Female African American Firsts","Military",1980
"365",1981,"First African-American to play in the NHL","Val James (Buffalo Sabres)[Note 20]","African-American Firsts","Sports",1980
"366",1982,"First African-American inducted to the Basketball Hall of Fame as a coach","Clarence Gaines (See also","African-American Firsts","Education & Science",1980
"367",1982,"First African-American U.S. Army four-star General","Roscoe Robinson Jr.","African-American Firsts","Military",1980
"368",1983,"First African-American astronaut","Guion Bluford (Challenger mission STS-8).[248][Note 21]","African-American Firsts","Education & Science",1980
"369",1983,"First African-American mayor of Chicago","Harold Washington","African-American Firsts","Politics",1980
"370",1983,"First African-American Miss America","Vanessa L. Williams (A few weeks before the end of her reign as Miss America, Williams learned that Penthouse magazine would be publishing unauthorized nude photographs of her in an upcoming issue. Amid growing media controversy and scrutiny, Williams resigned as Miss America in July 1984 (under pressure from the Miss America Organization) and was replaced by first runner-up Miss New Jersey Suzette Charles, who was also African-American.)","African-American Firsts","Social & Jobs",1980
"371",1983,"First African-American owners of a major metropolitan newspaper","Robert C. and Nancy Hicks Maynard (Oakland Tribune)","African-American Firsts","Social & Jobs",1980
"372",1983,"First African-American artist to have a music video shown on MTV","Michael Jackson[249]","African-American Firsts","Arts & Entertainment",1980
"373",1984,"First African-American to win a delegate-awarding U.S. presidential primary/caucus","Jesse Jackson (Louisiana, the District of Columbia, South Carolina, Virginia, and one of two separate Mississippi contests).","African-American Firsts","Politics",1980
"374",1984,"First African-American New York City Police Commissioner","Benjamin Ward","African-American Firsts","Law",1980
"375",1984,"First African-American coach to win the NCAA Men's Division I Basketball Championship","John Thompson (Georgetown)","African-American Firsts","Education & Science",1980
"376",1985,"First African-American to become a member of the U.S. Navy's Blue Angels precision flying team","Donnie Cochran. Also first African-American to command the team (1994).","African-American Firsts","Military",1980
"377",1985,"First African-American female general","Sherian Cadoria","Female African American Firsts","Military",1980
"378",1986,"First African-American Formula One racecar driver","Willy T. Ribbs[Note 22] (See also","African-American Firsts","Sports",1980
"379",1986,"First African-American musicians inducted into the Rock and Roll Hall of Fame, in the inaugural class","Chuck Berry, James Brown, Ray Charles, Sam Cooke, Fats Domino, and Little Richard","African-American Firsts","Arts & Entertainment",1980
"380",1986,"First African-American woman (Shirley Ajayi) was given apart for 6 months on a TV show as a psychic in 1986 in Chicago, Illinois.",NA,"Female African American Firsts","Arts & Entertainment",1980
"381",1987,"First African-American woman, and first woman, inducted into the Rock and Roll Hall of Fame","Aretha Franklin","Female African American Firsts","Arts & Entertainment",1980
"382",1987,"First African-American Radio City Music Hall Rockette","Jennifer Jones","African-American Firsts","Arts & Entertainment",1980
"383",1987,"First African-American man to sail around the world solo","Teddy Seymour","African-American Firsts","Social & Jobs",1980
"384",1988,"First African-American to win a medal at the Winter Olympics (a bronze in figure skating)","Debi Thomas","African-American Firsts","Education & Science",1980
"385",1988,"First African-American woman elected to a U.S. judgeship, and first appointed to a state supreme court","Juanita Kidd Stout","Female African American Firsts","Law",1980
"386",1988,"First African-American candidate for President of the United States to obtain ballot access in all 50 states","Lenora Fulani","African-American Firsts","Education & Science",1980
"387",1988,"First African-American NFL referee","Johnny Grier","African-American Firsts","Sports",1980
"388",1988,"First African-American quarterback to start (and to win) a Super Bowl","Doug Williams (Super Bowl XXII)","African-American Firsts",NA,1980
"389",1989,"First African-American NFL coach of the modern era","Art Shell, Los Angeles Raiders","African-American Firsts","Education & Science",1980
"390",1989,"First African-American mayor of New York City","David Dinkins","African-American Firsts","Politics",1980
"391",1989,"First African-American Chairman of the Joint Chiefs of Staff","Colin Powell","African-American Firsts","Politics",1980
"392",1989,"First African-American woman, and first woman, ordained bishop in the Episcopal Church","Barbara Clementine Harris","Female African American Firsts","Religion",1980
"393",1989,"First African-American Chairman of the Democratic National Committee","Ron Brown","African-American Firsts","Politics",1980
"394",1990,"First elected African-American governor","Douglas Wilder (Virginia) (See also","African-American Firsts","Politics",1990
"395",1990,"First African-American elected president of the Harvard Law Review","Barack Obama[250] (See also","African-American Firsts","Law",1990
"396",1990,"First African-American Miss USA","Carole Gist","African-American Firsts","Social & Jobs",1990
"397",1990,"First African-American Playboy Playmate of the Year","Renee Tenison","African-American Firsts","Social & Jobs",1990
"398",1991,"First African-American to qualify for the Indianapolis 500 auto race","Willy T. Ribbs (See also","African-American Firsts","Sports",1990
"399",1991,"First African-American female mayor of Washington, D.C.","Sharon Pratt Kelly","Female African American Firsts","Politics",1990
"400",1991,"First African-American NBA Coach of the Year","Don Chaney (Houston Rockets)","African-American Firsts","Sports",1990
"401",1992,"First African-American female astronaut","Dr. Mae Jemison (Space Shuttle Endeavour)","Female African American Firsts","Education & Science",1990
"402",1992,"First African-American woman elected to U.S. Senate","Carol Moseley Braun (Illinois)","Female African American Firsts","Politics",1990
"403",1992,"First African-American woman to moderate a Presidential debate","Carole Simpson (second debate of 1992 campaign)","Female African American Firsts","Education & Science",1990
"404",1992,"First African-American to sail solo around the world following the Age of Sail route around the southern tips of South America (Cape Horn) and Africa (Cape of Good Hope), avoiding the Panama and Suez Canals","Bill Pinkney[251]","Female African American Firsts",NA,1990
"405",1992,"First African-American Major League Baseball manager to reach (and win) the World Series","Cito Gaston (Toronto Blue Jays) 1992 World Series","African-American Firsts","Education & Science",1990
"406",1992,"First African-American to direct an animated film","Bruce W. Smith (Bébé's Kids)","African-American Firsts",NA,1990
"407",1993,"First African-American United States Secretary of Commerce","Ron Brown","African-American Firsts","Politics",1990
"408",1993,"First African-American woman, and first woman, appointed as U.S. Secretary of Energy","Hazel R. O'Leary","Female African American Firsts","Politics",1990
"409",1993,"First African-American to win the Nobel Prize for Literature","Toni Morrison","African-American Firsts","Education & Science",1990
"410",1993,"First African-American woman named Poet Laureate of the United States","Rita Dove; also the youngest person named to that position","Female African American Firsts","Education & Science",1990
"411",1993,"First African-American appointed Director of the National Drug Control Policy","Lee P. Brown","African-American Firsts","Arts & Entertainment",1990
"412",1993,"First African-American Director of the Centers for Disease Control and Prevention","David Satcher[252]","African-American Firsts","Arts & Entertainment",1990
"413",1993,"First African-American appointed Surgeon General of the United States","Joycelyn Elders","African-American Firsts","Military",1990
"414",1993,"First African-American to serve as home plate umpire for World Series game","Charlie Williams for Game 4 of the 1993 World Series","African-American Firsts","Military",1990
"415",1993,"First African-American to be inducted as a member of the Grand Ole Opry","Charley Pride[253]","African-American Firsts","Arts & Entertainment",1990
"416",1994,"First African-American female director of a major-studio movie","Darnell Martin (Columbia Pictures' I Like It Like That)","Female African American Firsts","Arts & Entertainment",1990
"417",1994,"First African-American to win the United States Amateur Championship","Tiger Woods[Note 23]","African-American Firsts","Politics",1990
"418",1995,"First African-American inductee to the National Radio Hall of Fame","Hal Jackson","African-American Firsts","Arts & Entertainment",1990
"419",1995,"First African-American Sergeant Major of the Army","Gene C. McKinney","African-American Firsts","Military",1990
"420",1995,"First African-American Miss Universe","Chelsi Smith","African-American Firsts","Social & Jobs",1990
"421",1995,"First African-American Personal Diarist to a President of the United States (President William J. Clinton) (Janis F. Kearney)[254]",NA,"African-American Firsts","Education & Science",1990
"422",1996,"First African-American U.S. Navy four-star admiral","J. Paul Reason[255]","African-American Firsts","Military",1990
"423",1996,"First African-American MLB general manager to win the World Series","Bob Watson (New York Yankees), 1996 World Series","African-American Firsts","Military",1990
"424",1997,"First African-American to win a men's major golf championship","Tiger Woods (The Masters)[Note 23]","African-American Firsts","Sports",1990
"425",1997,"First African-American model to appear on the cover of Sports Illustrated Swimsuit Edition","Tyra Banks","African-American Firsts","Education & Science",1990
"426",1997,"First African-American UFC champion","Maurice Smith","African-American Firsts","Sports",1990
"427",1997,"First African-American Director of the National Park Service","Robert Stanton[256]","African-American Firsts","Arts & Entertainment",1990
"428",1998,"First African-American appointed U.S. Secretary of Labor","Alexis Herman","African-American Firsts","Politics",1990
"429",1998,"First African-American female rear admiral in the U.S. Navy","Lillian Fishburne","Female African American Firsts","Military",1990
"430",1998,"First African-American Master Chief Petty Officer of the Coast Guard","Vincent W. Patton III","African-American Firsts","Military",1990
"431",1998,"First African-American to play in the Presidents Cup","Tiger Woods[Note 23]","African-American Firsts","Politics",1990
"432",1998,"First African-American to lie in honor at the U.S. Capitol","Jacob Chestnut[257][258] (See also","African-American Firsts",NA,1990
"433",1999,"First African-American to be awarded the Grandmaster title in chess","Maurice Ashley[259][better source needed]","African-American Firsts","Social & Jobs",1990
"434",1999,"First African-American Sergeant Major of the Marine Corps","Alford L. McMichael","African-American Firsts","Military",1990
"435",1999,"First African-American CEO of a Fortune 500 company","Franklin Raines of Fannie Mae[260]","African-American Firsts","Social & Jobs",1990
"436",1999,"First African-American female university president","Shirley Ann Jackson at Rensselaer Polytechnic Institute[261]","Female African American Firsts","Education & Science",1990
"437",2000,"First African-American nominated for Vice President of the United States by a Federal Election Commission-recognized and federally funded political party","Ezola B. Foster (See also","African-American Firsts","Politics",2000
"438",2000,"First African-American to be inducted into the Country Music Hall of Fame","Charley Pride[262]","African-American Firsts","Arts & Entertainment",2000
"439",2001,"First Jamaican-American Secretary of State","Colin Powell","African-American Firsts","Politics",2000
"440",2001,"First African-American president of the United States Conference of Catholic Bishops","The Most Reverend Wilton Daniel Gregory","African-American Firsts","Religion",2000
"441",2001,"First African-American president of the Unitarian Universalist Association","Rev. William G. Sinkford","African-American Firsts","Politics",2000
"442",2001,"First African-American president of an Ivy League university","Ruth J. Simmons at Brown University","African-American Firsts","Education & Science",2000
"443",2001,"First African-American woman National Security Advisor","Condoleezza Rice (See also","Female African American Firsts","Politics",2000
"444",2001,"First African-American billionaire","Robert L. Johnson, founder of Black Entertainment Television (see also 2002)","African-American Firsts","Social & Jobs",2000
"445",2001,"First African-American woman billionaire","Sheila Johnson","Female African American Firsts","Social & Jobs",2000
"446",2002,"First African-American to become majority owner of a U.S. major sports league team","Robert L. Johnson (Charlotte Bobcats, NBA)[Note 24] (see also 2001)","African-American Firsts","Social & Jobs",2000
"447",2002,"First African-American Winter Olympic gold medal winner","Vonetta Flowers (two-woman bobsleigh)","African-American Firsts","Education & Science",2000
"448",2002,"First African-American woman combat pilot in the U.S. Armed Forces","Captain Vernice Armour, USMC (See also","Female African American Firsts","Military",2000
"449",2002,"First African-American to be ranked #1 in tennis","Venus Williams","African-American Firsts","Sports",2000
"450",2002,"First African-American to be named year-end world champion by the International Tennis Federation","Serena Williams","African-American Firsts","Education & Science",2000
"451",2002,"First African-American Arena Football League head coach to win ArenaBowl","Darren Arbet (San Jose SaberCats), ArenaBowl XVI","African-American Firsts","Sports",2000
"452",2002,"First African-American general manager in the National Football League","Ozzie Newsome (Baltimore Ravens)","African-American Firsts","Military",2000
"453",2003,"First African-American to win a Career Grand Slam in tennis","Serena Williams (See also","African-American Firsts","Sports",2000
"454",2003,"First African-American American Bar Association president","Dennis Archer[263]","African-American Firsts","Law",2000
"455",2004,"First African-American inducted into the World Golf Hall of Fame","Charlie Sifford","African-American Firsts","Sports",2000
"456",2004,"First African-American NBA general manager to win the NBA Finals","Joe Dumars (Detroit Pistons), 2004 NBA Finals","African-American Firsts","Military",2000
"457",2004,"First African-American Canadian Football League head coach to reach (and win) the Grey Cup","Pinball Clemons (Toronto Argonauts), 92nd Grey Cup","African-American Firsts","Sports",2000
"458",2005,"First African-American woman Secretary of State","Condoleezza Rice (See also","Female African American Firsts","Politics",2000
"459",2005,"First African-American woman U.S. Coast Guard aviator","Jeanine Menze","Female African American Firsts","Politics",2000
"460",2005,"First African-American woman, and first woman, to lie in honor at the U.S. Capitol","Rosa Parks[264][258] (See also","Female African American Firsts",NA,2000
"461",2006,"First African-American to command a United States Marine Corps division","Major General Walter E. Gaskin","African-American Firsts","Military",2000
"462",2006,"First African-American individual Winter Olympic gold medal winner","Shani Davis (men's 1,000-meter speed skating)","African-American Firsts","Education & Science",2000
"463",2006,"First African-American to reach the peak of Mount Everest","Sophia Danenberg","African-American Firsts","Social & Jobs",2000
"464",2006,"First African-American woman to receive Dharma transmission in Zen Buddhism","Merle Kodo Boyd[265]","Female African American Firsts","Religion",2000
"465",2006,"First African-American quarterback inducted into the Pro Football Hall of Fame","Warren Moon","African-American Firsts","Sports",2000
"466",2007,"First known African-American woman to reach the North Pole","Barbara Hillary[266]","Female African American Firsts","Social & Jobs",2000
"467",2007,"First African-American White House Chief Usher","Stephen Rochon[267]","Female African American Firsts","Politics",2000
"468",2007,"First African-American NFL head coaches to reach the Super Bowl","Lovie Smith and Tony Dungy, Super Bowl XLI[Note 25]","African-American Firsts","Sports",2000
"469",2007,"First African-American NFL coach to win a Super Bowl","Tony Dungy (Super Bowl XLI)","African-American Firsts","Sports",2000
"470",2008,"First African-American to be nominated as a major-party U.S. presidential candidate","Barack Obama, Democratic Party[268]","African-American Firsts","Politics",2000
"471",2008,"First African-American elected President of the United States","Barack Obama[269]","African-American Firsts","Politics",2000
"472",2008,"First African-American to referee a Super Bowl game","Mike Carey (Super Bowl XLII)","African-American Firsts","Sports",2000
"473",2008,"First African-American woman elected Speaker of a state House of Representatives","California Rep. Karen Bass","Female African American Firsts","Politics",2000
"474",2008,"First African-American to be appointed to the United States Senate by a state governor","Roland Burris","African-American Firsts","Politics",2000
"475",2008,"First African-American woman combat pilot in the United States Air Force","Major Shawna Rochelle Kimbrell (See also","Female African American Firsts","Military",2000
"476",2008,"First African-American NFL general manager to win the Super Bowl","Jerry Reese (New York Giants), Super Bowl XLII","African-American Firsts","Military",2000
"477",2009,"First African-American President of the United States","Barack Obama","African-American Firsts","Politics",2000
"478",2009,"First African-American First Lady of the United States","Michelle Obama","African-American Firsts","Politics",2000
"479",2009,"First African-American chair of the Republican National Committee","Michael Steele","African-American Firsts","Politics",2000
"480",2009,"First African-American United States Attorney General","Eric Holder","African-American Firsts","Military",2000
"481",2009,"First African-American woman United States Ambassador to the United Nations","Susan Rice","Female African American Firsts","Education & Science",2000
"482",2009,"First African-American United States Trade Representative","Ron Kirk","African-American Firsts","Politics",2000
"483",2009,"First African-American woman Administrator of the Environmental Protection Agency","Lisa P. Jackson","Female African American Firsts","Politics",2000
"484",2009,"First African-American White House Social Secretary","Desirée Rogers","African-American Firsts","Politics",2000
"485",2009,"First African-American to appear by himself on a circulating U.S. coin","Duke Ellington (District of Columbia quarter).[270]","African-American Firsts","Social & Jobs",2000
"486",2009,"First African-American Administrator of the National Aeronautics and Space Administration","Charles F. Bolden Jr.","African-American Firsts","Education & Science",2000
"487",2009,"First African-American woman rabbi","Alysa Stanton","Female African American Firsts","Religion",2000
"488",2009,"First African-American woman CEO of a Fortune 500 company","Ursula Burns, Xerox Corporation.","Female African American Firsts","Social & Jobs",2000
"489",2009,"First African-American doubles team to be named year-end world champion by the International Tennis Federation","Serena and Venus Williams","African-American Firsts","Education & Science",2000
"490",2010,"First African-American to win the Stanley Cup","Dustin Byfuglien with the Chicago Blackhawks[271]","African-American Firsts","Sports",2010
"491",2011,"First African-American Director of the Federal Bureau of Prisons","Charles E. Samuels Jr.[272]","African-American Firsts","Military",2010
"492",2011,"First African-American admitted to the Reconstructionist Rabbinical College","Sandra Lawson[273][274]","African-American Firsts","Religion",2010
"493",2012,"First African-American to be re-elected President of the United States","Barack Obama[275]","African-American Firsts","Politics",2010
"494",2012,"First African-American Combatant Commander of United States Central Command","Lloyd Austin[276]","African-American Firsts","Military",2010
"495",2012,"First African-American elected president of the Southern Baptist Convention (SBC)","Fred Luter[277][278]","Female African American Firsts","Politics",2010
"496",2012,"First African-American woman to take command of a navy missile destroyer","Monika Washington Stoker[279]","Female African American Firsts","Military",2010
"497",2013,"First African-American U.S. Senator from the former Confederacy since Reconstruction","Tim Scott[280]","African-American Firsts","Politics",2010
"498",2013,"First African-American president of the Academy of Motion Picture Arts and Sciences","Cheryl Boone Isaacs[281]","African-American Firsts","Arts & Entertainment",2010
"499",2013,"First African-American United States Secretary of Homeland Security","Jeh Johnson[282]","African-American Firsts","Politics",2010
"500",2014,"First African-American woman four-star admiral","Michelle J. Howard[283]","Female African American Firsts","Military",2010
"501",2014,"First African-American senator to be elected in the South since Reconstruction","Tim Scott, elected in South Carolina[284]","African-American Firsts","Politics",2010
"502",2014,"First African-American player named to the USA Curtis Cup Team","Mariah Stackhouse[285][286]","African-American Firsts","Education & Science",2010
"503",2015,"First African-American to lead a major intelligence agency","Vincent R. Stewart, Defense Intelligence Agency[287]","African-American Firsts","Politics",2010
"504",2015,"First African-American commissioner of a major North American sports league","Jeffrey Orridge, Canadian Football League[288]","African-American Firsts","Politics",2010
"505",2015,"First African-American woman Attorney General of the United States","Loretta Lynch[289]","Female African American Firsts","Military",2010
"506",2015,"First African-American female principle dancer for the American Ballet Theatre","Misty Copeland[290]","Female African American Firsts","Arts & Entertainment",2010
"507",2015,"First African-American to be inducted into the NASCAR Hall of Fame","Wendell Scott[291] (See also","African-American Firsts","Sports",2010
"508",2015,"First African-American sole anchor of a network evening newscast","Lester Holt[292]","African-American Firsts","Arts & Entertainment",2010
"509",2015,"First African-American elected as presiding bishop of the Episcopal Church","Bishop Michael Curry[293]","African-American Firsts","Religion",2010
"510",2015,"First African-American female American Bar Association president","Paulette Brown[294]","Female African American Firsts","Law",2010
"511",2016,"First African-American president of a major broadcast TV network","Channing Dungey","African-American Firsts","Arts & Entertainment",2010
"512",2016,"First African-American Librarian of Congress","Dr. Carla Hayden[295]","African-American Firsts","Education & Science",2010
"513",2017,"First African-American CEO of a Major League Baseball team","Derek Jeter[296]","African-American Firsts","Social & Jobs",2010
"514",2018,"First African-American woman to headline Coachella","Beyoncé, giving rise to the nickname Beychella","Female African American Firsts","Sports",2010
"515",2018,"First African-American to play for Team USA Hockey in the Olympic Games","Jordan Greenway","African-American Firsts","Sports",2010
"516",2018,"First African-American artist commissioned for US president portrait to be displayed in the Smithsonian","Kehinde Wiley","African-American Firsts","Arts & Entertainment",2010
"517",2018,"First African-American artist commissioned for US first-lady portrait to be displayed in the Smithsonian","Amy Sherald","African-American Firsts","Arts & Entertainment",2010
"518",2018,"First African-American president of the American Psychiatric Association","Altha Stewart[297]","African-American Firsts","Politics",2010
"519",2018,"First African-American woman to be major party nominee for state governor","Stacey Abrams[298]","Female African American Firsts","Politics",2010
"520",2018,"First African-American superintendent of the United States Military Academy","Darryl A. Williams[299]","African-American Firsts","Military",2010
"521",2018,"First African-American woman U.S. Marine Corps general officer","Lorna Mahlock","Female African American Firsts","Military",2010
"522",2019,"First African-American woman to be the director of the Illinois Department of Public Health","Dr. Ngozi Ezike[300]","Female African American Firsts","Arts & Entertainment",2010
"523",2019,"First African-American general authority of the Church of Jesus Christ of Latter-day Saints","Peter M. Johnson","African-American Firsts","Military",2010
"524",2019,"First African-American (and first historian) secretary of the Smithsonian Institution","Lonnie Bunch[301]","African-American Firsts","Arts & Entertainment",2010
"525",2019,"First African-American female director of an Association of Zoos and Aquariums-accredited institution","Denise Verret[302]","Female African American Firsts","Arts & Entertainment",2010
"526",2019,"First African-American elected official to lie in state at the U.S. Capitol","Representative Elijah Cummings[303][304] (See also","African-American Firsts","Politics",2010
"527",2020,"First African-American to be appointed as a military Chief of Staff and first African-American to lead any branch of the United States Armed Forces","Charles Q. Brown Jr.","African-American Firsts","Military",2020
"528",2020,"First African-American president of an NFL team","Jason Wright (Washington Football Team)[305][306]","African-American Firsts","Politics",2020
"529",2020,"First African-American Professor of Poetry, first African-American woman Professor and first Distinguished Visiting Poetry Professor of the Iowa Writers' Workshop","Tracie Morris[307]","Female African American Firsts","Education & Science",2020
"530",2020,"First African-American vice-presidential running mate on a major party ticket, and first African-American (and first Asian-American) vice president","Kamala Harris (see also","African-American Firsts","Politics",2020
"531",2020,"First African-American elected official to lie in state at the U.S. Capitol Rotunda","John Lewis[311] (See also","African-American Firsts","Politics",2020
"532",2020,"First African-American Catholic cardinal","Wilton Gregory[312]","African-American Firsts",NA,2020
"533",2021,"First African-American Democratic U.S. Senator to represent a former Confederate state in the United States Senate","Raphael Warnock, elected in Georgia.[313][314][315]","African-American Firsts","Politics",2020
"534",2021,"First African-American (and first Asian-American) Vice President of the United States","Kamala Harris","African-American Firsts","Politics",2020
"535",2021,"First African-American United States Secretary of Defense","Lloyd Austin[316]","African-American Firsts","Politics",2020
"536",2021,"First full-time female African-American NFL coach","Jennifer King (Washington Football Team).[317]","Female African American Firsts","Sports",2020
"537",2021,"First African-American president of the American Civil Liberties Union","Deborah Archer[318]","African-American Firsts","Politics",2020
"538",2021,"First African-American woman to serve on the Supreme Court of Missouri","Robin Ransom[319]","Female African American Firsts","Military",2020
"539",2021,"First African-American to win the Scripps National Spelling Bee","Zaila Avant-garde[320]","African-American Firsts",NA,2020
"540",2021,"First African-American NCAA ice hockey coach","Kelsey Koelzer[321]","African-American Firsts","Sports",2020
"541",2022,"First African-American woman and first woman to be the police commissioner of the New York Police Department","Keechant Sewell.[322]","Female African American Firsts","Law",2020
"542",2022,"First African-American woman to appear on U.S. currency (a quarter)","Maya Angelou[323]","Female African American Firsts",NA,2020
